{"inputEdges":["6EFD47F4-7056-4B24-AA94-4F9887350C73",["EF4E7A7D-8F67-4CD0-AAE8-DC2C1D1893A7","F498505B-6D78-4F13-B0B2-C1F59DBBD626"],"31582FBB-4F90-4969-A66A-C8781797B47F",[],"78C4E3D4-33FD-4CF0-9EA7-FC260D3A0EE8",[],"F498505B-6D78-4F13-B0B2-C1F59DBBD626",[],"0BD9D5E0-EAEA-48F7-810D-0E598C43A3F1",["6EFD47F4-7056-4B24-AA94-4F9887350C73"],"EF4E7A7D-8F67-4CD0-AAE8-DC2C1D1893A7",[]],"outputNodeId":"0BD9D5E0-EAEA-48F7-810D-0E598C43A3F1","nodes":["6EFD47F4-7056-4B24-AA94-4F9887350C73",{"filter":{"_0":{"filter":{"transitionBandwidthHz":1000,"cutoffHz":548.4778970985917,"kind":"Low-Pass"},"modulationFactor":0.3599229431152344}}},"EF4E7A7D-8F67-4CD0-AAE8-DC2C1D1893A7",{"oscillator":{"_0":{"wave":"Saw","pianoBaseOctave":1,"prefersPianoView":true,"frequency":110,"isPlaying":false,"prefersWavePicker":true,"volume":0.75}}},"F498505B-6D78-4F13-B0B2-C1F59DBBD626",{"lfo":{"_0":{"isActive":false,"frequency":0.9958048917878233,"volume":1,"wave":"Sine"}}},"0BD9D5E0-EAEA-48F7-810D-0E598C43A3F1",{"envelope":{"_0":{"sustain":0.3,"decayMs":100,"releaseMs":50,"attackMs":10}}}]}