{
  "inputEdges" : [
    "57F8B8B5-BE0B-432C-A1FA-4D2C9DF389FC",
    [
      "A9FD2851-BBDB-42F7-96CA-CF8F212B5547"
    ],
    "1AF35680-0EFF-4EB7-A037-2524D4EA010E",
    [

    ],
    "EFC6664F-3FFD-4FC7-BF49-4512DD3920DE",
    [
      "DD2BF061-F147-441D-8D1D-CBE62D96832C"
    ],
    "DD2BF061-F147-441D-8D1D-CBE62D96832C",
    [
      "1AF35680-0EFF-4EB7-A037-2524D4EA010E"
    ],
    "6CD6328D-A8CE-45EE-A317-D44F132CE129",
    [

    ],
    "A9FD2851-BBDB-42F7-96CA-CF8F212B5547",
    [
      "EFC6664F-3FFD-4FC7-BF49-4512DD3920DE"
    ]
  ],
  "nodes" : [
    "A9FD2851-BBDB-42F7-96CA-CF8F212B5547",
    {
      "envelope" : {
        "_0" : {
          "attackMs" : 0,
          "decayMs" : 26.02413940429688,
          "releaseMs" : 50,
          "sustain" : 0.13580055236816402
        }
      }
    },
    "DD2BF061-F147-441D-8D1D-CBE62D96832C",
    {
      "noise" : {
        "_0" : {
          "volume" : 1
        }
      }
    },
    "1AF35680-0EFF-4EB7-A037-2524D4EA010E",
    {
      "controller" : {
        "_0" : {
          "frequency" : 523.2511306011972,
          "isActive" : false,
          "pianoBaseOctave" : 3
        }
      }
    },
    "57F8B8B5-BE0B-432C-A1FA-4D2C9DF389FC",
    {
      "filter" : {
        "_0" : {
          "filter" : {
            "cutoffHz" : 5027.407429188674,
            "kind" : "High-Pass",
            "transitionBandwidthHz" : 1000
          },
          "modulationFactor" : 0
        }
      }
    },
    "EFC6664F-3FFD-4FC7-BF49-4512DD3920DE",
    {
      "envelope" : {
        "_0" : {
          "attackMs" : 0,
          "decayMs" : 149.02352905273438,
          "releaseMs" : 50,
          "sustain" : 0
        }
      }
    }
  ],
  "outputNodeId" : "57F8B8B5-BE0B-432C-A1FA-4D2C9DF389FC"
}