{
  "inputEdges" : [
    "6CD6328D-A8CE-45EE-A317-D44F132CE129",
    [

    ],
    "DD2BF061-F147-441D-8D1D-CBE62D96832C",
    [

    ],
    "A9FD2851-BBDB-42F7-96CA-CF8F212B5547",
    [

    ],
    "36458D71-4A6A-41ED-962D-1C3A2A8E0419",
    [

    ],
    "1AF35680-0EFF-4EB7-A037-2524D4EA010E",
    [

    ],
    "57F8B8B5-BE0B-432C-A1FA-4D2C9DF389FC",
    [

    ],
    "EFC6664F-3FFD-4FC7-BF49-4512DD3920DE",
    [
      "36458D71-4A6A-41ED-962D-1C3A2A8E0419"
    ]
  ],
  "nodes" : [
    "36458D71-4A6A-41ED-962D-1C3A2A8E0419",
    {
      "oscillator" : {
        "_0" : {
          "frequency" : 65.40639132514966,
          "isPlaying" : false,
          "pianoBaseOctave" : 1,
          "prefersPianoView" : true,
          "prefersWavePicker" : true,
          "volume" : 0.75,
          "wave" : "Sine"
        }
      }
    },
    "EFC6664F-3FFD-4FC7-BF49-4512DD3920DE",
    {
      "envelope" : {
        "_0" : {
          "attackMs" : 0,
          "decayMs" : 149.02352905273438,
          "releaseMs" : 50,
          "sustain" : 0
        }
      }
    }
  ],
  "outputNodeId" : "EFC6664F-3FFD-4FC7-BF49-4512DD3920DE"
}