{"inputEdges":["DD2BF061-F147-441D-8D1D-CBE62D96832C",["1AF35680-0EFF-4EB7-A037-2524D4EA010E"],"1AF35680-0EFF-4EB7-A037-2524D4EA010E",[],"6CD6328D-A8CE-45EE-A317-D44F132CE129",["DD2BF061-F147-441D-8D1D-CBE62D96832C"]],"outputNodeId":"6CD6328D-A8CE-45EE-A317-D44F132CE129","nodes":["6CD6328D-A8CE-45EE-A317-D44F132CE129",{"envelope":{"_0":{"decayMs":194.28529357910153,"attackMs":0,"releaseMs":50.00000000000003,"sustain":0}}},"1AF35680-0EFF-4EB7-A037-2524D4EA010E",{"controller":{"_0":{"frequency":261.6255653005986,"isActive":false,"pianoBaseOctave":3}}},"DD2BF061-F147-441D-8D1D-CBE62D96832C",{"noise":{"_0":{"volume":0.3507660064697265}}}]}