{
  "inputEdges" : [
    "A2B66403-C0D7-40CB-B0B5-CF4006FF98E8",
    [

    ],
    "FF6D5B65-5B87-4E00-AE7D-BC79C853D72B",
    [
      "8EAC2204-4559-4727-BE3E-3C43B1D0FD50"
    ],
    "D69AE075-3648-453E-BA6E-103312BE4DBA",
    [

    ],
    "8EAC2204-4559-4727-BE3E-3C43B1D0FD50",
    [

    ],
    "3D0ED64F-434F-4E58-96F8-1E8E924A28C4",
    [

    ],
    "B83005EF-E7D8-4921-ACAF-FA63A619FFFA",
    [

    ],
    "643C80CF-16EB-44CB-8258-8AC12C5F7967",
    [

    ],
    "E4E1B539-96D5-406C-A21F-B792F076DF45",
    [

    ]
  ],
  "nodes" : [
    "FF6D5B65-5B87-4E00-AE7D-BC79C853D72B",
    {
      "envelope" : {
        "_0" : {
          "attackMs" : 10,
          "decayMs" : 66.4638671875,
          "releaseMs" : 50,
          "sustain" : 0.3742374420166016
        }
      }
    },
    "8EAC2204-4559-4727-BE3E-3C43B1D0FD50",
    {
      "oscillator" : {
        "_0" : {
          "detune" : 0.09766127014160156,
          "frequencies" : [
            523.2511306011972
          ],
          "isPlaying" : false,
          "pianoBaseOctave" : 4,
          "prefersPianoView" : true,
          "prefersUnisonDetuneControls" : true,
          "prefersWavePicker" : true,
          "unison" : 3,
          "volume" : 0.75,
          "wave" : "Saw"
        }
      }
    }
  ],
  "outputNodeId" : "FF6D5B65-5B87-4E00-AE7D-BC79C853D72B"
}
