{
  "inputEdges" : [
    "DD2BF061-F147-441D-8D1D-CBE62D96832C",
    [
      "1AF35680-0EFF-4EB7-A037-2524D4EA010E"
    ],
    "6CD6328D-A8CE-45EE-A317-D44F132CE129",
    [
      "DD2BF061-F147-441D-8D1D-CBE62D96832C"
    ],
    "1AF35680-0EFF-4EB7-A037-2524D4EA010E",
    [

    ]
  ],
  "nodes" : [
    "1AF35680-0EFF-4EB7-A037-2524D4EA010E",
    {
      "controller" : {
        "_0" : {
          "frequency" : 329.6275569128699,
          "isActive" : false,
          "pianoBaseOctave" : 3
        }
      }
    },
    "6CD6328D-A8CE-45EE-A317-D44F132CE129",
    {
      "envelope" : {
        "_0" : {
          "attackMs" : 300,
          "decayMs" : 0,
          "releaseMs" : 50,
          "sustain" : 0
        }
      }
    },
    "DD2BF061-F147-441D-8D1D-CBE62D96832C",
    {
      "noise" : {
        "_0" : {
          "volume" : 0.5016182708740234
        }
      }
    }
  ],
  "outputNodeId" : "6CD6328D-A8CE-45EE-A317-D44F132CE129"
}