{"nodes":["FF6D5B65-5B87-4E00-AE7D-BC79C853D72B",{"envelope":{"_0":{"attackMs":10,"releaseMs":50,"decayMs":66.4638671875,"sustain":0.3742374420166016}}},"8EAC2204-4559-4727-BE3E-3C43B1D0FD50",{"oscillator":{"_0":{"wave":"Saw","prefersPianoView":true,"prefersWavePicker":true,"volume":0.75,"pianoBaseOctave":4,"isPlaying":false,"frequency":523.2511306011972}}}],"inputEdges":["8EAC2204-4559-4727-BE3E-3C43B1D0FD50",[],"E4E1B539-96D5-406C-A21F-B792F076DF45",[],"643C80CF-16EB-44CB-8258-8AC12C5F7967",[],"A2B66403-C0D7-40CB-B0B5-CF4006FF98E8",[],"3D0ED64F-434F-4E58-96F8-1E8E924A28C4",[],"B83005EF-E7D8-4921-ACAF-FA63A619FFFA",[],"FF6D5B65-5B87-4E00-AE7D-BC79C853D72B",["8EAC2204-4559-4727-BE3E-3C43B1D0FD50"],"D69AE075-3648-453E-BA6E-103312BE4DBA",[]],"outputNodeId":"FF6D5B65-5B87-4E00-AE7D-BC79C853D72B"}