{"outputNodeId":"FF6D5B65-5B87-4E00-AE7D-BC79C853D72B","inputEdges":["D69AE075-3648-453E-BA6E-103312BE4DBA",[],"A2B66403-C0D7-40CB-B0B5-CF4006FF98E8",["D69AE075-3648-453E-BA6E-103312BE4DBA"],"2576C2B0-B4EE-4FED-9472-6E1D239C41EF",["8EAC2204-4559-4727-BE3E-3C43B1D0FD50","A2B66403-C0D7-40CB-B0B5-CF4006FF98E8"],"611D04DD-B748-4983-B9E5-820484A36F15",[],"3D0ED64F-434F-4E58-96F8-1E8E924A28C4",[],"643C80CF-16EB-44CB-8258-8AC12C5F7967",[],"FF6D5B65-5B87-4E00-AE7D-BC79C853D72B",["2576C2B0-B4EE-4FED-9472-6E1D239C41EF"],"B83005EF-E7D8-4921-ACAF-FA63A619FFFA",[],"E4E1B539-96D5-406C-A21F-B792F076DF45",[],"8EAC2204-4559-4727-BE3E-3C43B1D0FD50",["D69AE075-3648-453E-BA6E-103312BE4DBA"]],"nodes":["FF6D5B65-5B87-4E00-AE7D-BC79C853D72B",{"envelope":{"_0":{"releaseMs":50,"decayMs":66.4638671875,"attackMs":10,"sustain":0.3742374420166016}}},"2576C2B0-B4EE-4FED-9472-6E1D239C41EF",{"mixer":{"_0":{"operation":{"sum":{}}}}},"A2B66403-C0D7-40CB-B0B5-CF4006FF98E8",{"oscillator":{"_0":{"volume":0.75,"wave":"Square","isPlaying":false,"prefersWavePicker":true,"pianoBaseOctave":3,"prefersPianoView":false,"frequency":440}}},"8EAC2204-4559-4727-BE3E-3C43B1D0FD50",{"oscillator":{"_0":{"pianoBaseOctave":2,"isPlaying":false,"volume":0.75,"prefersPianoView":false,"wave":"Saw","prefersWavePicker":true,"frequency":130.8127826502993}}},"D69AE075-3648-453E-BA6E-103312BE4DBA",{"controller":{"_0":{"pianoBaseOctave":4,"frequency":523.2511306011972,"isActive":false}}}]}