{"inputEdges":["DD2BF061-F147-441D-8D1D-CBE62D96832C",["1AF35680-0EFF-4EB7-A037-2524D4EA010E"],"6CD6328D-A8CE-45EE-A317-D44F132CE129",["DD2BF061-F147-441D-8D1D-CBE62D96832C"],"1AF35680-0EFF-4EB7-A037-2524D4EA010E",[]],"outputNodeId":"6CD6328D-A8CE-45EE-A317-D44F132CE129","nodes":["1AF35680-0EFF-4EB7-A037-2524D4EA010E",{"controller":{"_0":{"pianoBaseOctave":3,"isActive":false,"frequency":261.6255653005986}}},"DD2BF061-F147-441D-8D1D-CBE62D96832C",{"noise":{"_0":{"volume":1}}},"6CD6328D-A8CE-45EE-A317-D44F132CE129",{"envelope":{"_0":{"sustain":0,"releaseMs":50.00000000000003,"attackMs":0,"decayMs":194.28529357910153}}}]}